,theta_s,theta_adj,r_c,r_star,sigma
0,4.955588927075699,0.12472128646845028,0.12738978806267737,0.014126360407037634,0.04
